Account Description,Debit Amount,Credit Amount,Donors,date
ROS Donors,783.00000,40.00000,743.00,2021-10-01
JT Donors,746.00000,0.00000,746.00,2021-04-01
JT Donors,752.00000,0.00000,752.00,2021-06-01
Carlsbad Donors,753.00000,0.00000,753.00,2024-05-01
Espanola Donors,754.00000,0.00000,754.00,2024-04-01
ROS Donors,772.00000,0.00000,772.00,2021-09-01
JT Donors,774.00000,0.00000,774.00,2021-03-01
Espanola Donors,775.00000,0.00000,775.00,2022-08-01
Espanola Donors,780.00000,0.00000,780.00,2022-03-01
ROS Donors,782.00000,0.00000,782.00,2021-04-01
Espanola Donors,783.00000,0.00000,783.00,2021-12-01
ROS Donors,799.00000,0.00000,799.00,2020-02-01
Donors - GoodDeeds,800.00000,0.00000,800.00,2020-07-01
JT Donors,804.00000,0.00000,804.00,2021-07-01
ROS Donors,824.00000,0.00000,824.00,2020-09-01
Espanola Donors,828.00000,0.00000,828.00,2024-05-01
Espanola Donors,833.00000,0.00000,833.00,2024-03-01
Copper Donors,833.00000,0.00000,833.00,2024-03-01
JT Donors,839.00000,0.00000,839.00,2020-12-01
Copper Donors,840.00000,0.00000,840.00,2024-02-01
RB Donors,840.00000,0.00000,840.00,2020-03-01
ROS Donors,841.00000,0.00000,841.00,2022-04-01
ROS Donors,844.00000,0.00000,844.00,2020-12-01
Espanola Donors,847.00000,0.00000,847.00,2024-02-01
ROS Donors,848.00000,0.00000,848.00,2019-04-01
ROS Donors,848.00000,0.00000,848.00,2019-09-01
ROS Donors,848.00000,0.00000,848.00,2021-01-01
CLV Donors,848.00000,0.00000,848.00,2023-02-01
JT Donors,850.00000,0.00000,850.00,2021-01-01
LL Donors,851.00000,0.00000,851.00,2020-05-01
Espanola Donors,856.00000,0.00000,856.00,2022-12-01
ROS Donors,858.00000,0.00000,858.00,2019-08-01
JT Donors,863.00000,0.00000,863.00,2021-05-01
ROS Donors,867.00000,0.00000,867.00,2021-11-01
CLV Donors,869.00000,0.00000,869.00,2021-02-01
FRM Donors,"4,480.00000",0.00000,"4,480.00",
LL Donors,869.00000,0.00000,869.00,2019-01-01
FRM Donors,"4,403.00000",0.00000,"4,403.00",
FRM Donors,"4,486.00000",0.00000,"4,486.00",
Espanola Donors,890.00000,0.00000,890.00,2022-10-01
PDN Donors,"4,784.00000",0.00000,"4,784.00",
ROS Donors,904.00000,0.00000,904.00,2021-03-01
ROS Donors,906.00000,0.00000,906.00,2019-11-01
Copper Donors,907.00000,0.00000,907.00,2024-04-01
PDN Donors,"4,253.00000",0.00000,"4,253.00",
LL Donors,910.00000,0.00000,910.00,2019-04-01
ROS Donors,915.00000,0.00000,915.00,2019-02-01
CLV Donors,918.00000,0.00000,918.00,2020-02-01
ROS Donors,920.00000,0.00000,920.00,2019-10-01
Espanola Donors,924.00000,0.00000,924.00,2024-01-01
ECM Donors,1.00000,0.00000,1.00,
ECM Donors,42.00000,0.00000,42.00,
ROS Donors,926.00000,0.00000,926.00,2020-08-01
CLV Donors,934.00000,0.00000,934.00,2019-02-01
CLV Donors,936.00000,0.00000,936.00,2024-02-01
Espanola Donors,938.00000,0.00000,938.00,2023-12-01
JT Donors,951.00000,0.00000,951.00,2020-08-01
CLV Donors,953.00000,0.00000,953.00,2022-04-01
CLV Donors,955.00000,0.00000,955.00,2021-11-01
JT Donors,959.00000,0.00000,959.00,2020-10-01
ROS Donors,961.00000,0.00000,961.00,2022-05-01
Lomas Donors,961.00000,0.00000,961.00,2023-11-01
Home Pickup and Community Works Donors,71.00000,0.00000,71.00,
Home Pickup and Community Works Donors,72.00000,0.00000,72.00,
Home Pickup and Community Works Donors,66.00000,0.00000,66.00,
Home Pickup and Community Works Donors,75.00000,0.00000,75.00,
ROS Donors,964.00000,0.00000,964.00,2023-02-01
ROS Donors,966.00000,0.00000,966.00,2019-05-01
ROS Donors,971.00000,0.00000,971.00,2019-01-01
Espanola Donors,971.00000,0.00000,971.00,2023-01-01
CLV Donors,981.00000,0.00000,981.00,2022-02-01
GLP Donors,982.00000,0.00000,982.00,2020-11-01
ROS Donors,983.00000,0.00000,983.00,2022-08-01
ROS Donors,985.00000,0.00000,985.00,2019-06-01
ROS Donors,985.00000,0.00000,985.00,2022-02-01
LL Donors,987.00000,0.00000,987.00,2019-03-01
CLV Donors,988.00000,0.00000,988.00,2023-10-01
CLV Donors,989.00000,0.00000,989.00,2022-08-01
CLV Donors,992.00000,0.00000,992.00,2024-04-01
ROS Donors,992.00000,0.00000,992.00,2021-05-01
ROS Donors,999.00000,0.00000,999.00,2019-12-01
Copper Donors,544.00000,0.00000,544.00,
LL Donors,999.00000,0.00000,999.00,2019-08-01
ROS Donors,"1,000.00000",0.00000,"1,000.00",2020-07-01
GLP Donors,"1,003.00000",0.00000,"1,003.00",2020-03-01
LL Donors,"1,005.00000",0.00000,"1,005.00",2019-11-01
Carlsbad Donors,343.00000,0.00000,343.00,
LL Donors,"1,014.00000",0.00000,"1,014.00",2019-09-01
SM Donors,"4,273.00000",0.00000,"4,273.00",
CLV Donors,"1,019.00000",0.00000,"1,019.00",2022-11-01
SM Donors,"4,545.00000",0.00000,"4,545.00",
CLV Donors,"1,020.00000",0.00000,"1,020.00",2019-03-01
SM Donors,"4,641.00000",0.00000,"4,641.00",
SM Donors,"4,658.00000",0.00000,"4,658.00",
SM Donors,"4,735.00000",0.00000,"4,735.00",
SM Donors,"4,867.00000",0.00000,"4,867.00",
SM Donors,"4,707.00000",0.00000,"4,707.00",
SM Donors,"4,250.00000",0.00000,"4,250.00",
SM Donors,"4,263.00000",0.00000,"4,263.00",
ROS Donors,"1,023.00000",0.00000,"1,023.00",2019-03-01
ROS Donors,"1,024.00000",0.00000,"1,024.00",2021-07-01
Espanola Donors,"1,024.00000",0.00000,"1,024.00",2023-03-01
SM Donors,"6,178.00000",0.00000,"6,178.00",
SM Donors,"6,306.00000",0.00000,"6,306.00",
SM Donors,"28,119.00000",0.00000,"28,119.00",
SM Donors,"5,302.00000",0.00000,"5,302.00",
SM Donors,"5,203.00000",0.00000,"5,203.00",
CLV Donors,"1,026.00000",0.00000,"1,026.00",2024-03-01
Lomas Donors,"1,026.00000",0.00000,"1,026.00",2023-08-01
SM Donors,"4,727.00000",0.00000,"4,727.00",
Copper Donors,"1,031.00000",0.00000,"1,031.00",2024-05-01
LL Donors,"1,031.00000",0.00000,"1,031.00",2019-07-01
SM Donors,"5,259.00000",0.00000,"5,259.00",
SM Donors,"4,552.00000",0.00000,"4,552.00",
SM Donors,"4,381.00000",0.00000,"4,381.00",
SM Donors,"6,699.00000",0.00000,"6,699.00",
SM Donors,"5,013.00000",0.00000,"5,013.00",
SM Donors,"4,397.00000",0.00000,"4,397.00",
SM Donors,"5,401.00000",150.00000,"5,251.00",
SM Donors,"4,810.00000",0.00000,"4,810.00",
SM Donors,"5,993.00000",0.00000,"5,993.00",
SM Donors,"7,027.00000",0.00000,"7,027.00",
SM Donors,"5,476.00000",0.00000,"5,476.00",
SM Donors,"6,092.00000",0.00000,"6,092.00",
ROS Donors,"1,033.00000",0.00000,"1,033.00",2021-06-01
CLV Donors,"1,033.00000",0.00000,"1,033.00",2019-10-01
CLV Donors,"1,068.00000",35.00000,"1,033.00",2021-10-01
SM Donors,"5,311.00000",0.00000,"5,311.00",
SM Donors,"4,528.00000",0.00000,"4,528.00",
SM Donors,"4,442.00000",0.00000,"4,442.00",
SM Donors,"4,406.00000",0.00000,"4,406.00",
CLV Donors,"1,033.00000",0.00000,"1,033.00",2022-05-01
LL Donors,"1,036.00000",0.00000,"1,036.00",2019-12-01
LL Donors,"1,037.00000",0.00000,"1,037.00",2019-06-01
CLV Donors,"1,041.00000",0.00000,"1,041.00",2022-10-01
SM Donors,"4,378.00000",0.00000,"4,378.00",
SM Donors,"4,504.00000",0.00000,"4,504.00",
SM Donors,"4,970.00000",0.00000,"4,970.00",
SM Donors,"4,432.00000",0.00000,"4,432.00",
SM Donors,"4,264.00000",0.00000,"4,264.00",
SM Donors,"4,216.00000",0.00000,"4,216.00",
Donors - GoodDeeds,"1,043.00000",0.00000,"1,043.00",2019-01-01
Donors - GoodDeeds,"1,043.00000",0.00000,"1,043.00",2020-01-01
Donors - GoodDeeds,"1,050.00000",0.00000,"1,050.00",2019-02-01
ROS Donors,"1,051.00000",0.00000,"1,051.00",2023-09-01
JT Donors,579.00000,0.00000,579.00,
JT Donors,427.00000,0.00000,427.00,
JT Donors,544.00000,0.00000,544.00,
JT Donors,428.00000,0.00000,428.00,
JT Donors,520.00000,0.00000,520.00,
JT Donors,474.00000,0.00000,474.00,
JT Donors,535.00000,0.00000,535.00,
JT Donors,571.00000,0.00000,571.00,
JT Donors,471.00000,0.00000,471.00,
JT Donors,494.00000,0.00000,494.00,
JT Donors,496.00000,0.00000,496.00,
JT Donors,510.00000,0.00000,510.00,
JT Donors,559.00000,0.00000,559.00,
CLV Donors,"1,051.00000",0.00000,"1,051.00",2019-04-01
JT Donors,252.00000,0.00000,252.00,
JT Donors,554.00000,0.00000,554.00,
ROS Donors,"1,053.00000",0.00000,"1,053.00",2022-06-01
CLV Donors,"1,054.00000",0.00000,"1,054.00",2021-04-01
Lomas Donors,"1,054.00000",0.00000,"1,054.00",2023-09-01
JT Donors,595.00000,0.00000,595.00,
CLV Donors,"1,056.00000",0.00000,"1,056.00",2024-01-01
JT Donors,88.00000,0.00000,88.00,
ROS Donors,"1,056.00000",0.00000,"1,056.00",2022-09-01
ROS Donors,"1,058.00000",0.00000,"1,058.00",2024-04-01
JT Donors,604.00000,0.00000,604.00,
LL Donors,"1,058.00000",0.00000,"1,058.00",2019-10-01
CLV Donors,"1,061.00000",0.00000,"1,061.00",2021-12-01
CLV Donors,"1,062.00000",0.00000,"1,062.00",2021-06-01
ALA Donors,"1,062.00000",0.00000,"1,062.00",2020-03-01
ROS Donors,"1,064.00000",0.00000,"1,064.00",2024-02-01
JT Donors,700.00000,0.00000,700.00,
JT Donors,566.00000,0.00000,566.00,
RB Donors,"1,064.00000",0.00000,"1,064.00",2020-05-01
CLV Donors,"1,064.00000",0.00000,"1,064.00",2023-04-01
ROS Donors,"1,066.00000",0.00000,"1,066.00",2024-05-01
LL Donors,"1,079.00000",0.00000,"1,079.00",2024-02-01
CER Donors,"4,192.00000",0.00000,"4,192.00",
CLV Donors,"1,079.00000",0.00000,"1,079.00",2023-09-01
CLV Donors,"1,081.00000",0.00000,"1,081.00",2019-11-01
CLV Donors,"1,083.00000",0.00000,"1,083.00",2022-12-01
CLV Donors,"1,084.00000",0.00000,"1,084.00",2022-09-01
CLV Donors,"1,085.00000",0.00000,"1,085.00",2024-05-01
SM Donors,"1,085.00000",0.00000,"1,085.00",2022-05-01
CLV Donors,"1,085.00000",0.00000,"1,085.00",2020-08-01
LL Donors,"1,087.00000",0.00000,"1,087.00",2022-11-01
Espanola Donors,"1,089.00000",0.00000,"1,089.00",2022-07-01
CLV Donors,"1,093.00000",0.00000,"1,093.00",2023-01-01
Espanola Donors,"1,096.00000",0.00000,"1,096.00",2023-04-01
CER Donors,"4,529.00000",0.00000,"4,529.00",
CER Donors,"4,228.00000",0.00000,"4,228.00",
CER Donors,"4,993.00000",0.00000,"4,993.00",
ROS Donors,"1,097.00000",0.00000,"1,097.00",2019-07-01
CLV Donors,"1,101.00000",0.00000,"1,101.00",2022-06-01
CLV Donors,"1,101.00000",0.00000,"1,101.00",2023-12-01
LL Donors,"1,102.00000",0.00000,"1,102.00",2022-09-01
CLV Donors,"1,103.00000",0.00000,"1,103.00",2023-11-01
ROS Donors,"1,105.00000",0.00000,"1,105.00",2024-03-01
ALA Donors,"1,109.00000",0.00000,"1,109.00",2020-11-01
JT Donors,"1,110.00000",0.00000,"1,110.00",2020-06-01
ROS Donors,"1,114.00000",0.00000,"1,114.00",2021-08-01
LL Donors,"1,114.00000",0.00000,"1,114.00",2019-05-01
CLV Donors,"1,116.00000",0.00000,"1,116.00",2020-07-01
CLV Donors,"1,117.00000",0.00000,"1,117.00",2021-09-01
BN Donors,"1,117.00000",0.00000,"1,117.00",2021-10-01
ROS Donors,"1,119.00000",0.00000,"1,119.00",2022-01-01
RB Donors,"1,121.00000",0.00000,"1,121.00",2019-02-01
CLV Donors,"1,122.00000",0.00000,"1,122.00",2020-12-01
Donors - GoodDeeds,"1,122.00000",0.00000,"1,122.00",2019-12-01
ROS Donors,"1,124.00000",0.00000,"1,124.00",2020-06-01
ROS Donors,"1,127.00000",0.00000,"1,127.00",2020-01-01
CLV Donors,"1,127.00000",0.00000,"1,127.00",2023-03-01
CER Donors,"6,185.00000",0.00000,"6,185.00",
RB Donors,"1,129.00000",0.00000,"1,129.00",2019-06-01
CLV Donors,"1,131.00000",0.00000,"1,131.00",2021-05-01
JT Donors,"1,143.00000",0.00000,"1,143.00",2020-07-01
Espanola Donors,"1,146.00000",0.00000,"1,146.00",2023-06-01
CLV Donors,"1,149.00000",0.00000,"1,149.00",2021-03-01
Donors - GoodDeeds,"1,149.00000",0.00000,"1,149.00",2020-03-01
Espanola Donors,"1,149.00000",0.00000,"1,149.00",2023-05-01
GLP Donors,"1,150.00000",0.00000,"1,150.00",2019-02-01
LL Donors,"1,151.00000",0.00000,"1,151.00",2020-01-01
BN Donors,"1,157.00000",0.00000,"1,157.00",2021-08-01
CLV Donors,"1,161.00000",0.00000,"1,161.00",2019-06-01
LL Donors,"1,166.00000",0.00000,"1,166.00",2022-12-01
Lomas Donors,"1,169.00000",0.00000,"1,169.00",2024-02-01
ROS Donors,"1,174.00000",0.00000,"1,174.00",2021-12-01
CLV Donors,"1,175.00000",0.00000,"1,175.00",2023-05-01
Espanola Donors,"1,178.00000",0.00000,"1,178.00",2023-11-01
ROS Donors,"1,190.00000",0.00000,"1,190.00",2023-10-01
CLV Donors,"1,192.00000",0.00000,"1,192.00",2019-01-01
CLV Donors,"1,192.00000",0.00000,"1,192.00",2020-01-01
ROS Donors,"1,194.00000",0.00000,"1,194.00",2023-04-01
LL Donors,"1,197.00000",0.00000,"1,197.00",2023-11-01
Donors - GoodDeeds,"1,201.00000",0.00000,"1,201.00",2019-05-01
LL Donors,"1,203.00000",0.00000,"1,203.00",2024-03-01
CLV Donors,"1,204.00000",0.00000,"1,204.00",2020-06-01
Lomas Donors,"1,205.00000",0.00000,"1,205.00",2023-10-01
RR Donors,"4,176.00000",0.00000,"4,176.00",
CLV Donors,"1,208.00000",0.00000,"1,208.00",2021-01-01
CLV Donors,"1,208.00000",0.00000,"1,208.00",2022-01-01
ROS Donors,"1,212.00000",0.00000,"1,212.00",2022-03-01
CLV Donors,"1,220.00000",0.00000,"1,220.00",2023-07-01
RR Donors,"7,326.00000",0.00000,"7,326.00",
RR Donors,"4,419.00000",0.00000,"4,419.00",
ROS Donors,"1,221.00000",0.00000,"1,221.00",2022-11-01
ROS Donors,"1,224.00000",0.00000,"1,224.00",2023-12-01
Lomas Donors,"1,225.00000",0.00000,"1,225.00",2024-03-01
RR Donors,"4,866.00000",0.00000,"4,866.00",
RR Donors,"4,299.00000",0.00000,"4,299.00",
LL Donors,"1,225.00000",0.00000,"1,225.00",2022-10-01
ROS Donors,"1,226.00000",0.00000,"1,226.00",2023-08-01
ROS Donors,"1,227.00000",0.00000,"1,227.00",2022-10-01
Lomas Donors,"1,227.00000",0.00000,"1,227.00",2023-12-01
ROS Donors,"1,228.00000",0.00000,"1,228.00",2022-12-01
ROS Donors,"1,235.00000",0.00000,"1,235.00",2023-03-01
CLV Donors,"1,239.00000",0.00000,"1,239.00",2022-07-01
RB Donors,"1,252.00000",0.00000,"1,252.00",2020-02-01
CLV Donors,"1,256.00000",0.00000,"1,256.00",2021-08-01
RR Donors,"4,158.00000",0.00000,"4,158.00",
RR Donors,"4,717.00000",0.00000,"4,717.00",
RR Donors,"5,390.00000",0.00000,"5,390.00",
RR Donors,"4,808.00000",0.00000,"4,808.00",
ROS Donors,"1,260.00000",0.00000,"1,260.00",2023-05-01
CLV Donors,"1,263.00000",0.00000,"1,263.00",2019-05-01
ROS Donors,"1,266.00000",0.00000,"1,266.00",2023-07-01
RB Donors,"1,280.00000",0.00000,"1,280.00",2019-05-01
ROS Donors,"1,281.00000",0.00000,"1,281.00",2023-11-01
RB Donors,"1,287.00000",0.00000,"1,287.00",2019-04-01
CLV Donors,"1,289.00000",0.00000,"1,289.00",2023-08-01
CLV Donors,"1,293.00000",0.00000,"1,293.00",2022-03-01
CLV Donors,"1,295.00000",0.00000,"1,295.00",2019-07-01
LL Donors,"1,304.00000",0.00000,"1,304.00",2023-08-01
LL Donors,"1,305.00000",0.00000,"1,305.00",2022-05-01
GLP Donors,"1,306.00000",0.00000,"1,306.00",2020-06-01
Espanola Donors,"1,311.00000",0.00000,"1,311.00",2023-10-01
CLV Donors,"1,316.00000",0.00000,"1,316.00",2023-06-01
RB Donors,"1,322.00000",0.00000,"1,322.00",2019-01-01
CLV Donors,"1,324.00000",0.00000,"1,324.00",2019-08-01
Espanola Donors,"1,335.00000",0.00000,"1,335.00",2023-07-01
LL Donors,"1,336.00000",0.00000,"1,336.00",2022-04-01
ROS Donors,"1,342.00000",0.00000,"1,342.00",2023-06-01
Donors - GoodDeeds,"1,345.00000",0.00000,"1,345.00",2019-11-01
LL Donors,"1,359.00000",0.00000,"1,359.00",2021-04-01
RR Donors,"4,393.00000",0.00000,"4,393.00",
LL Donors,"1,363.00000",0.00000,"1,363.00",2024-05-01
Donors - GoodDeeds,"1,363.00000",0.00000,"1,363.00",2020-06-01
RB Donors,"1,366.00000",0.00000,"1,366.00",2019-07-01
LL Donors,"1,369.00000",0.00000,"1,369.00",2023-09-01
LL Donors,"1,373.00000",0.00000,"1,373.00",2024-04-01
LL Donors,"1,374.00000",0.00000,"1,374.00",2023-10-01
ROS Donors,"1,377.00000",0.00000,"1,377.00",2023-01-01
Donors - GoodDeeds,"1,389.00000",0.00000,"1,389.00",2019-09-01
ROS Donors,"1,402.00000",0.00000,"1,402.00",2024-01-01
RB Donors,"1,403.00000",0.00000,"1,403.00",2019-10-01
CLV Donors,"1,409.00000",0.00000,"1,409.00",2021-07-01
LL Donors,"1,414.00000",0.00000,"1,414.00",2021-02-01
LL Donors,"1,415.00000",0.00000,"1,415.00",2022-06-01
CLV Donors,"1,429.00000",0.00000,"1,429.00",2019-12-01
LL Donors,"1,432.00000",0.00000,"1,432.00",2021-10-01
LL Donors,"1,432.00000",0.00000,"1,432.00",2022-08-01
LL Donors,"1,448.00000",0.00000,"1,448.00",2023-03-01
LL Donors,"1,453.00000",0.00000,"1,453.00",2024-01-01
LL Donors,"1,458.00000",0.00000,"1,458.00",2021-11-01
Espanola Donors,"1,470.00000",0.00000,"1,470.00",2023-09-01
Donors - GoodDeeds,"1,479.00000",0.00000,"1,479.00",2019-06-01
LL Donors,"1,497.00000",0.00000,"1,497.00",2023-07-01
CC Donors,"5,131.00000",0.00000,"5,131.00",
LL Donors,"1,499.00000",0.00000,"1,499.00",2021-03-01
FRM Donors,"1,503.00000",0.00000,"1,503.00",2020-11-01
RB Donors,"1,511.00000",0.00000,"1,511.00",2019-03-01
Lomas Donors,"1,513.00000",0.00000,"1,513.00",2024-01-01
Donors - GoodDeeds,"1,514.00000",0.00000,"1,514.00",2019-04-01
Espanola Donors,"1,527.00000",0.00000,"1,527.00",2023-08-01
LL Donors,"1,532.00000",0.00000,"1,532.00",2023-12-01
CLV Donors,"1,534.00000",0.00000,"1,534.00",2019-09-01
GLP Donors,"1,544.00000",0.00000,"1,544.00",2019-01-01
RB Donors,"1,545.00000",0.00000,"1,545.00",2019-12-01
CC Donors,"4,215.00000",0.00000,"4,215.00",
GLP Donors,"1,552.00000",0.00000,"1,552.00",2020-02-01
CC Donors,"4,482.00000",0.00000,"4,482.00",
CC Donors,"5,930.00000",0.00000,"5,930.00",
LL Donors,"1,552.00000",0.00000,"1,552.00",2022-02-01
RB Donors,"1,561.00000",0.00000,"1,561.00",2019-11-01
CC Donors,"4,816.00000",0.00000,"4,816.00",
CC Donors,"4,266.00000",0.00000,"4,266.00",
CC Donors,"4,228.00000",0.00000,"4,228.00",
RB Donors,"1,569.00000",0.00000,"1,569.00",2020-01-01
Lomas Donors,"1,581.00000",0.00000,"1,581.00",2024-04-01
LL Donors,"1,584.00000",0.00000,"1,584.00",2023-06-01
CC Donors,"4,971.00000",0.00000,"4,971.00",
CC Donors,"6,605.00000",0.00000,"6,605.00",
CC Donors,"6,998.00000",0.00000,"6,998.00",
CC Donors,"5,301.00000",0.00000,"5,301.00",
CC Donors,"4,993.00000",0.00000,"4,993.00",
CC Donors,"4,819.00000",0.00000,"4,819.00",
CC Donors,"4,181.00000",0.00000,"4,181.00",
Donors - GoodDeeds,"1,587.00000",0.00000,"1,587.00",2019-07-01
CC Donors,"4,280.00000",0.00000,"4,280.00",
ALA Donors,"1,587.00000",0.00000,"1,587.00",2020-10-01
CC Donors,"4,261.00000",0.00000,"4,261.00",
CC Donors,"4,234.00000",0.00000,"4,234.00",
CC Donors,"5,215.00000",0.00000,"5,215.00",
CC Donors,"6,036.00000",0.00000,"6,036.00",
CC Donors,"7,292.00000",0.00000,"7,292.00",
CC Donors,"6,341.00000",0.00000,"6,341.00",
CC Donors,"6,146.00000",0.00000,"6,146.00",
CC Donors,"5,283.00000",0.00000,"5,283.00",
LL Donors,"1,598.00000",0.00000,"1,598.00",2020-09-01
LL Donors,"1,606.00000",0.00000,"1,606.00",2023-01-01
GLP Donors,"1,607.00000",0.00000,"1,607.00",2023-02-01
LL Donors,"1,610.00000",0.00000,"1,610.00",2020-10-01
ROS Donors,"1,613.00000",0.00000,"1,613.00",2022-07-01
GLP Donors,"1,622.00000",0.00000,"1,622.00",2019-12-01
RR Donors,"1,625.00000",0.00000,"1,625.00",2019-04-01
Donors - GoodDeeds,"1,626.00000",0.00000,"1,626.00",2019-03-01
Lomas Donors,"1,629.00000",0.00000,"1,629.00",2024-05-01
ALA Donors,"1,632.00000",0.00000,"1,632.00",2020-02-01
GLP Donors,"1,645.00000",0.00000,"1,645.00",2022-02-01
BN Donors,"1,649.00000",0.00000,"1,649.00",2019-01-01
ALA Donors,"1,663.00000",0.00000,"1,663.00",2019-02-01
JT Donors,"1,667.00000",0.00000,"1,667.00",2020-02-01
BN Donors,"1,667.00000",0.00000,"1,667.00",2019-02-01
GLP Donors,"1,672.00000",0.00000,"1,672.00",2020-12-01
GLP Donors,"1,674.00000",0.00000,"1,674.00",2022-11-01
GLP Donors,"1,680.00000",0.00000,"1,680.00",2021-12-01
LL Donors,"1,689.00000",0.00000,"1,689.00",2021-06-01
RR Donors,"1,697.00000",0.00000,"1,697.00",2020-11-01
GLP Donors,"1,701.00000",0.00000,"1,701.00",2019-04-01
GLP Donors,"1,701.00000",0.00000,"1,701.00",2021-11-01
Donors - GoodDeeds,"1,708.00000",0.00000,"1,708.00",2019-10-01
GLP Donors,"1,779.00000",69.00000,"1,710.00",2021-10-01
LL Donors,"1,710.00000",0.00000,"1,710.00",2021-09-01
LL Donors,"1,716.00000",0.00000,"1,716.00",2021-05-01
LL Donors,"1,719.00000",0.00000,"1,719.00",2020-07-01
GLP Donors,"1,722.00000",0.00000,"1,722.00",2022-04-01
BN Donors,"1,723.00000",0.00000,"1,723.00",2020-03-01
LL Donors,"1,723.00000",0.00000,"1,723.00",2023-04-01
GLP Donors,"1,725.00000",0.00000,"1,725.00",2019-11-01
ALA Donors,"1,727.00000",0.00000,"1,727.00",2021-02-01
LL Donors,"1,735.00000",0.00000,"1,735.00",2020-08-01
ALA Donors,"1,736.00000",0.00000,"1,736.00",2024-04-01
ALA Donors,"1,742.00000",0.00000,"1,742.00",2021-09-01
ALA Donors,"1,744.00000",0.00000,"1,744.00",2021-04-01
ALA Donors,"1,745.00000",0.00000,"1,745.00",2022-02-01
GLP Donors,"1,748.00000",0.00000,"1,748.00",2023-01-01
CER Donors,"1,751.00000",0.00000,"1,751.00",2020-03-01
ALA Donors,"1,756.00000",0.00000,"1,756.00",2020-01-01
RB Donors,"1,764.00000",0.00000,"1,764.00",2020-06-01
FRM Donors,"1,771.00000",0.00000,"1,771.00",2020-03-01
ALA Donors,"1,777.00000",0.00000,"1,777.00",2024-03-01
ALA Donors,"1,784.00000",0.00000,"1,784.00",2020-05-01
CER Donors,"1,790.00000",0.00000,"1,790.00",2020-11-01
GLP Donors,"1,793.00000",0.00000,"1,793.00",2023-03-01
ALA Donors,"1,799.00000",0.00000,"1,799.00",2020-09-01
GLP Donors,"1,800.00000",0.00000,"1,800.00",2024-02-01
MNL Donors,"1,800.00000",0.00000,"1,800.00",2020-11-01
ALA Donors,"1,818.00000",0.00000,"1,818.00",2019-04-01
CC Donors,"1,824.00000",0.00000,"1,824.00",2020-03-01
GLP Donors,"1,831.00000",0.00000,"1,831.00",2019-09-01
BN Donors,"1,834.00000",0.00000,"1,834.00",2019-04-01
GLP Donors,"1,836.00000",0.00000,"1,836.00",2019-03-01
LL Donors,"1,836.00000",0.00000,"1,836.00",2020-12-01
GLP Donors,"1,838.00000",0.00000,"1,838.00",2019-10-01
SM Donors,"1,844.00000",0.00000,"1,844.00",2022-06-01
LL Donors,"1,846.00000",0.00000,"1,846.00",2022-07-01
BN Donors,"1,859.00000",0.00000,"1,859.00",2021-09-01
LL Donors,"1,859.00000",0.00000,"1,859.00",2021-08-01
LL Donors,"1,859.00000",0.00000,"1,859.00",2021-12-01
Donors - GoodDeeds,"1,861.00000",0.00000,"1,861.00",2019-08-01
ALA Donors,"1,873.00000",0.00000,"1,873.00",2024-05-01
ALA Donors,"1,874.00000",0.00000,"1,874.00",2021-10-01
LL Donors,"1,876.00000",0.00000,"1,876.00",2022-03-01
ALA Donors,"1,880.00000",0.00000,"1,880.00",2019-11-01
GLP Donors,"1,881.00000",0.00000,"1,881.00",2022-10-01
ALA Donors,"1,881.00000",0.00000,"1,881.00",2023-11-01
LL Donors,"1,893.00000",0.00000,"1,893.00",2023-02-01
LL Donors,"1,893.00000",0.00000,"1,893.00",2023-05-01
ALA Donors,"1,909.00000",0.00000,"1,909.00",2019-12-01
GLP Donors,"1,911.00000",0.00000,"1,911.00",2021-09-01
CER Donors,"1,917.00000",0.00000,"1,917.00",2021-12-01
LL Donors,"1,917.00000",0.00000,"1,917.00",2021-01-01
ALA Donors,"1,918.00000",0.00000,"1,918.00",2024-02-01
GLP Donors,"1,924.00000",0.00000,"1,924.00",2020-01-01
GLP Donors,"1,924.00000",0.00000,"1,924.00",2021-07-01
RB Donors,693.00000,0.00000,693.00,
ALA Donors,"1,935.00000",0.00000,"1,935.00",2019-06-01
LL Donors,"1,937.00000",0.00000,"1,937.00",2022-01-01
MNL Donors,"1,943.00000",0.00000,"1,943.00",2020-03-01
BN Donors,"1,944.00000",0.00000,"1,944.00",2020-11-01
ALA Donors,"1,952.00000",0.00000,"1,952.00",2021-12-01
GLP Donors,"1,954.00000",0.00000,"1,954.00",2023-10-01
ALA Donors,"1,955.00000",0.00000,"1,955.00",2022-04-01
LL Donors,"1,964.00000",0.00000,"1,964.00",2021-07-01
MNL Donors,"1,965.00000",0.00000,"1,965.00",2020-10-01
RB Donors,"1,971.00000",0.00000,"1,971.00",2019-09-01
ALA Donors,"1,972.00000",0.00000,"1,972.00",2020-08-01
GLP Donors,"1,984.00000",0.00000,"1,984.00",2021-02-01
GLP Donors,"1,987.00000",0.00000,"1,987.00",2020-10-01
ALA Donors,"1,993.00000",0.00000,"1,993.00",2019-08-01
ROS Donors,495.00000,0.00000,495.00,
ROS Donors,580.00000,0.00000,580.00,
GLP Donors,"1,994.00000",0.00000,"1,994.00",2022-01-01
BN Donors,"2,001.00000",0.00000,"2,001.00",2019-03-01
ALA Donors,"2,007.00000",0.00000,"2,007.00",2019-10-01
ALA Donors,"2,008.00000",0.00000,"2,008.00",2021-11-01
ROS Donors,607.00000,0.00000,607.00,
ROS Donors,478.00000,0.00000,478.00,
GLP Donors,"2,010.00000",0.00000,"2,010.00",2022-08-01
ALA Donors,"2,011.00000",0.00000,"2,011.00",2023-09-01
ROS Donors,685.00000,0.00000,685.00,
GLP Donors,"2,028.00000",0.00000,"2,028.00",2023-04-01
ALA Donors,"2,028.00000",0.00000,"2,028.00",2021-08-01
GLP Donors,"2,032.00000",0.00000,"2,032.00",2022-12-01
GLP Donors,"2,037.00000",0.00000,"2,037.00",2021-08-01
GLP Donors,"2,038.00000",0.00000,"2,038.00",2024-01-01
GLP Donors,"2,042.00000",0.00000,"2,042.00",2023-09-01
ALA Donors,"2,051.00000",0.00000,"2,051.00",2023-12-01
GLP Donors,"2,052.00000",0.00000,"2,052.00",2024-03-01
GLP Donors,"2,055.00000",0.00000,"2,055.00",2020-09-01
BN Donors,"2,059.00000",0.00000,"2,059.00",2022-02-01
GLP Donors,"2,060.00000",0.00000,"2,060.00",2023-11-01
GLP Donors,"2,071.00000",0.00000,"2,071.00",2019-05-01
ALA Donors,"2,076.00000",0.00000,"2,076.00",2021-06-01
ALA Donors,"2,080.00000",0.00000,"2,080.00",2019-03-01
ALA Donors,"2,080.00000",0.00000,"2,080.00",2019-09-01
GLP Donors,"2,081.00000",0.00000,"2,081.00",2019-07-01
LL Donors,"2,090.00000",0.00000,"2,090.00",2020-06-01
ALA Donors,"2,093.00000",0.00000,"2,093.00",2019-05-01
GLP Donors,"2,114.00000",0.00000,"2,114.00",2023-12-01
BN Donors,"2,116.00000",0.00000,"2,116.00",2021-07-01
GLP Donors,"2,121.00000",0.00000,"2,121.00",2020-08-01
ALA Donors,"2,121.00000",0.00000,"2,121.00",2022-06-01
FRM Donors,"2,132.00000",0.00000,"2,132.00",2019-02-01
ALA Donors,"2,134.00000",0.00000,"2,134.00",2022-05-01
PDN Donors,"2,143.00000",0.00000,"2,143.00",2020-11-01
ALA Donors,"2,152.00000",0.00000,"2,152.00",2021-05-01
ALA Donors,"2,157.00000",0.00000,"2,157.00",2019-01-01
MNL Donors,"2,162.00000",0.00000,"2,162.00",2019-02-01
GLP Donors,"2,166.00000",0.00000,"2,166.00",2022-05-01
ALA Donors,"2,166.00000",0.00000,"2,166.00",2022-07-01
MNL Donors,"2,181.00000",0.00000,"2,181.00",2021-02-01
ALA Donors,"2,183.00000",0.00000,"2,183.00",2021-03-01
CC Donors,"2,184.00000",0.00000,"2,184.00",2019-09-01
ALA Donors,"2,185.00000",0.00000,"2,185.00",2022-09-01
GLP Donors,"2,188.00000",0.00000,"2,188.00",2021-06-01
GLP Donors,"2,192.00000",0.00000,"2,192.00",2019-08-01
ALA Donors,"2,194.00000",0.00000,"2,194.00",2024-01-01
ALA Donors,"2,197.00000",0.00000,"2,197.00",2023-08-01
RR Donors,"2,206.00000",0.00000,"2,206.00",2023-02-01
BN Donors,"2,212.00000",0.00000,"2,212.00",2020-02-01
BN Donors,"2,212.00000",0.00000,"2,212.00",2023-02-01
GLP Donors,"2,219.00000",0.00000,"2,219.00",2022-03-01
ALA Donors,"2,220.00000",0.00000,"2,220.00",2019-07-01
GLP Donors,"2,228.00000",0.00000,"2,228.00",2024-04-01
CER Donors,"2,229.00000",0.00000,"2,229.00",2024-02-01
CER Donors,"2,234.00000",0.00000,"2,234.00",2022-02-01
ALA Donors,"2,238.00000",0.00000,"2,238.00",2023-02-01
GLP Donors,"2,243.00000",0.00000,"2,243.00",2023-08-01
CLV Donors,611.00000,0.00000,611.00,
CLV Donors,563.00000,0.00000,563.00,
ALA Donors,"2,243.00000",0.00000,"2,243.00",2022-08-01
ALA Donors,"2,245.00000",0.00000,"2,245.00",2022-11-01
BN Donors,"2,249.00000",0.00000,"2,249.00",2019-05-01
GLP Donors,"2,250.00000",0.00000,"2,250.00",2021-04-01
ALA Donors,"2,252.00000",0.00000,"2,252.00",2022-12-01
CLV Donors,556.00000,0.00000,556.00,
GLP Donors,"2,257.00000",0.00000,"2,257.00",2022-06-01
BN Donors,"2,261.00000",0.00000,"2,261.00",2019-11-01
ALA Donors,"2,262.00000",0.00000,"2,262.00",2020-12-01
CC Donors,"2,272.00000",0.00000,"2,272.00",2020-11-01
GLP Donors,"2,275.00000",0.00000,"2,275.00",2022-07-01
CLV Donors,"2,277.00000",0.00000,"2,277.00",2020-09-01
GLP Donors,"2,283.00000",0.00000,"2,283.00",2020-07-01
ALA Donors,"2,284.00000",0.00000,"2,284.00",2023-04-01
CER Donors,"2,287.00000",0.00000,"2,287.00",2024-03-01
CC Donors,"2,287.00000",0.00000,"2,287.00",2023-11-01
GLP Donors,"2,287.00000",0.00000,"2,287.00",2019-06-01
CLV Donors,"2,300.00000",0.00000,"2,300.00",2020-10-01
GLP Donors,"2,304.00000",0.00000,"2,304.00",2022-09-01
ALA Donors,"2,305.00000",0.00000,"2,305.00",2022-01-01
ALA Donors,"2,309.00000",0.00000,"2,309.00",2023-03-01
CER Donors,"2,310.00000",0.00000,"2,310.00",2023-12-01
RB Donors,"2,316.00000",0.00000,"2,316.00",2019-08-01
RR Donors,"2,320.00000",0.00000,"2,320.00",2022-02-01
ALA Donors,"2,322.00000",0.00000,"2,322.00",2021-07-01
CC Donors,"2,324.00000",0.00000,"2,324.00",2020-02-01
CER Donors,"2,329.00000",0.00000,"2,329.00",2019-11-01
SM Donors,"2,335.00000",0.00000,"2,335.00",2020-11-01
ALA Donors,"2,336.00000",0.00000,"2,336.00",2022-10-01
GLP Donors,"2,348.00000",0.00000,"2,348.00",2024-05-01
ALA Donors,"2,350.00000",0.00000,"2,350.00",2020-06-01
CER Donors,"2,352.00000",0.00000,"2,352.00",2019-02-01
GLP Donors,"2,388.00000",0.00000,"2,388.00",2021-03-01
CER Donors,"2,391.00000",0.00000,"2,391.00",2021-02-01
CC Donors,"2,413.00000",0.00000,"2,413.00",2019-10-01
ALA Donors,"2,413.00000",0.00000,"2,413.00",2022-03-01
ALA Donors,"2,431.00000",0.00000,"2,431.00",2023-10-01
CC Donors,"2,433.00000",0.00000,"2,433.00",2019-11-01
CER Donors,"2,436.00000",0.00000,"2,436.00",2024-04-01
RR Donors,"2,438.00000",0.00000,"2,438.00",2019-02-01
ALA Donors,"2,465.00000",0.00000,"2,465.00",2023-07-01
FRM Donors,"2,469.00000",0.00000,"2,469.00",2020-12-01
CC Donors,"2,470.00000",0.00000,"2,470.00",2019-02-01
BN Donors,"2,474.00000",0.00000,"2,474.00",2019-10-01
BN Donors,"2,481.00000",0.00000,"2,481.00",2022-11-01
MNL Donors,"2,482.00000",0.00000,"2,482.00",2021-03-01
BN Donors,"2,486.00000",0.00000,"2,486.00",2022-05-01
RR Donors,"2,493.00000",0.00000,"2,493.00",2020-05-01
MNL Donors,"2,495.00000",0.00000,"2,495.00",2024-02-01
BN Donors,"2,496.00000",0.00000,"2,496.00",2019-06-01
CER Donors,"2,498.00000",0.00000,"2,498.00",2023-11-01
CER Donors,"2,502.00000",0.00000,"2,502.00",2024-01-01
SM Donors,"2,504.00000",0.00000,"2,504.00",2021-03-01
RR Donors,"2,512.00000",0.00000,"2,512.00",2020-03-01
MNL Donors,"2,513.00000",0.00000,"2,513.00",2021-04-01
BN Donors,"2,513.00000",0.00000,"2,513.00",2020-05-01
CER Donors,"2,521.00000",0.00000,"2,521.00",2023-09-01
BN Donors,"2,526.00000",0.00000,"2,526.00",2019-08-01
BN Donors,"2,526.00000",0.00000,"2,526.00",2023-01-01
MNL Donors,"2,530.00000",0.00000,"2,530.00",2019-09-01
BN Donors,"2,530.00000",0.00000,"2,530.00",2023-03-01
FRM Donors,"2,539.00000",0.00000,"2,539.00",2021-02-01
RR Donors,"2,543.00000",0.00000,"2,543.00",2022-11-01
FRM Donors,"2,545.00000",0.00000,"2,545.00",2020-02-01
CER Donors,"2,553.00000",0.00000,"2,553.00",2022-04-01
BN Donors,"2,558.00000",0.00000,"2,558.00",2024-04-01
BN Donors,"2,562.00000",0.00000,"2,562.00",2019-09-01
MNL Donors,"2,566.00000",0.00000,"2,566.00",2024-03-01
FRM Donors,"4,464.00000",0.00000,"4,464.00",
BN Donors,"2,574.00000",0.00000,"2,574.00",2022-06-01
PDN Donors,"2,578.00000",0.00000,"2,578.00",2020-03-01
MNL Donors,"2,579.00000",0.00000,"2,579.00",2019-11-01
GLP Donors,"2,581.00000",0.00000,"2,581.00",2021-01-01
MNL Donors,"2,584.00000",0.00000,"2,584.00",2024-04-01
CER Donors,"2,584.00000",0.00000,"2,584.00",2021-11-01
BN Donors,"2,591.00000",0.00000,"2,591.00",2022-12-01
GLP Donors,"2,595.00000",0.00000,"2,595.00",2023-05-01
BN Donors,"2,599.00000",0.00000,"2,599.00",2023-04-01
ALA Donors,"2,604.00000",0.00000,"2,604.00",2020-07-01
FRM Donors,"4,594.00000",0.00000,"4,594.00",
BN Donors,"2,608.00000",0.00000,"2,608.00",2019-07-01
RR Donors,"2,610.00000",0.00000,"2,610.00",2019-03-01
FRM Donors,"4,625.00000",0.00000,"4,625.00",
FRM Donors,"5,057.00000",0.00000,"5,057.00",
Espanola Donors,"2,618.00000",0.00000,"2,618.00",2022-09-01
BN Donors,"2,628.00000",0.00000,"2,628.00",2020-01-01
CER Donors,"2,632.00000",0.00000,"2,632.00",2023-10-01
GLP Donors,"2,635.00000",0.00000,"2,635.00",2021-05-01
MNL Donors,"2,645.00000",0.00000,"2,645.00",2019-01-01
CER Donors,"2,646.00000",0.00000,"2,646.00",2022-01-01
CER Donors,"2,647.00000",0.00000,"2,647.00",2021-03-01
CER Donors,"2,648.00000",0.00000,"2,648.00",2023-02-01
ALA Donors,"2,649.00000",0.00000,"2,649.00",2023-06-01
FRM Donors,"5,031.00000",0.00000,"5,031.00",
FRM Donors,"5,425.00000",0.00000,"5,425.00",
FRM Donors,"5,425.00000",0.00000,"5,425.00",
FRM Donors,"4,859.00000",0.00000,"4,859.00",
GLP Donors,"2,657.00000",0.00000,"2,657.00",2023-07-01
RR Donors,"2,663.00000",0.00000,"2,663.00",2024-04-01
FRM Donors,"4,235.00000",0.00000,"4,235.00",
FRM Donors,"4,692.00000",0.00000,"4,692.00",
PDN Donors,"4,226.00000",0.00000,"4,226.00",
BN Donors,"2,671.00000",0.00000,"2,671.00",2024-05-01
PDN Donors,"2,674.00000",0.00000,"2,674.00",2021-11-01
ALA Donors,"2,687.00000",0.00000,"2,687.00",2023-01-01
PDN Donors,"4,456.00000",0.00000,"4,456.00",
PDN Donors,"4,608.00000",0.00000,"4,608.00",
PDN Donors,"5,152.00000",0.00000,"5,152.00",
PDN Donors,"5,590.00000",0.00000,"5,590.00",
PDN Donors,"5,058.00000",0.00000,"5,058.00",
PDN Donors,"4,698.00000",0.00000,"4,698.00",
PDN Donors,"4,584.00000",0.00000,"4,584.00",
PDN Donors,"5,154.00000",0.00000,"5,154.00",
PDN Donors,"5,455.00000",0.00000,"5,455.00",
MNL Donors,"2,688.00000",0.00000,"2,688.00",2024-05-01
CC Donors,"2,690.00000",0.00000,"2,690.00",2019-07-01
CER Donors,"2,691.00000",0.00000,"2,691.00",2022-12-01
PDN Donors,"4,895.00000",0.00000,"4,895.00",
PDN Donors,"4,350.00000",0.00000,"4,350.00",
PDN Donors,"4,260.00000",0.00000,"4,260.00",
PDN Donors,"4,352.00000",0.00000,"4,352.00",
PDN Donors,"4,235.00000",0.00000,"4,235.00",
RR Donors,"2,708.00000",0.00000,"2,708.00",2022-10-01
PDN Donors,"5,614.00000",0.00000,"5,614.00",
PDN Donors,"5,077.00000",0.00000,"5,077.00",
RR Donors,"2,716.00000",0.00000,"2,716.00",2021-02-01
PDN Donors,"4,692.00000",0.00000,"4,692.00",
BN Donors,"2,721.00000",0.00000,"2,721.00",2022-09-01
PDN Donors,"4,350.00000",0.00000,"4,350.00",
CER Donors,"2,734.00000",0.00000,"2,734.00",2021-09-01
PDN Donors,"4,336.00000",0.00000,"4,336.00",
ALA Donors,"2,740.00000",0.00000,"2,740.00",2021-01-01
CC Donors,"2,742.00000",0.00000,"2,742.00",2024-02-01
RR Donors,"2,746.00000",0.00000,"2,746.00",2024-02-01
RR Donors,"2,746.00000",0.00000,"2,746.00",2022-04-01
CER Donors,"2,754.00000",0.00000,"2,754.00",2019-12-01
MNL Donors,"2,755.00000",0.00000,"2,755.00",2019-03-01
BN Donors,"2,756.00000",0.00000,"2,756.00",2023-11-01
FRM Donors,"2,760.00000",0.00000,"2,760.00",2021-01-01
PDN Donors,"4,374.00000",0.00000,"4,374.00",
PDN Donors,"4,951.00000",0.00000,"4,951.00",
PDN Donors,"5,143.00000",0.00000,"5,143.00",
PDN Donors,"4,652.00000",0.00000,"4,652.00",
MNL Donors,"2,767.00000",0.00000,"2,767.00",2021-01-01
RR Donors,"2,770.00000",0.00000,"2,770.00",2020-12-01
BN Donors,"2,772.00000",0.00000,"2,772.00",2021-02-01
PDN Donors,"4,405.00000",0.00000,"4,405.00",
PDN Donors,"5,112.00000",0.00000,"5,112.00",
PDN Donors,"4,923.00000",0.00000,"4,923.00",
BN Donors,"2,780.00000",0.00000,"2,780.00",2022-03-01
PDN Donors,"4,181.00000",0.00000,"4,181.00",
PDN Donors,"4,554.00000",0.00000,"4,554.00",
PDN Donors,"5,347.00000",0.00000,"5,347.00",
PDN Donors,"5,600.00000",0.00000,"5,600.00",
PDN Donors,"5,282.00000",0.00000,"5,282.00",
PDN Donors,"4,638.00000",0.00000,"4,638.00",
BN Donors,"2,789.00000",0.00000,"2,789.00",2024-02-01
RR Donors,"2,796.00000",0.00000,"2,796.00",2023-03-01
BN Donors,"2,797.00000",0.00000,"2,797.00",2023-10-01
PDN Donors,"4,977.00000",0.00000,"4,977.00",
BN Donors,"2,802.00000",0.00000,"2,802.00",2024-03-01
CER Donors,"2,804.00000",0.00000,"2,804.00",2021-08-01
FRM Donors,"2,805.00000",0.00000,"2,805.00",2020-10-01
BN Donors,"2,808.00000",0.00000,"2,808.00",2020-12-01
MNL Donors,"2,818.00000",0.00000,"2,818.00",2019-04-01
BN Donors,"2,821.00000",0.00000,"2,821.00",2019-12-01
BN Donors,"2,828.00000",0.00000,"2,828.00",2022-10-01
BN Donors,"2,828.00000",0.00000,"2,828.00",2023-09-01
FRM Donors,"2,829.00000",0.00000,"2,829.00",2021-09-01
RR Donors,"2,849.00000",0.00000,"2,849.00",2023-09-01
MNL Donors,"2,855.00000",0.00000,"2,855.00",2020-02-01
RR Donors,"2,863.00000",0.00000,"2,863.00",2022-12-01
CC Donors,"2,863.00000",0.00000,"2,863.00",2021-04-01
CER Donors,"2,864.00000",0.00000,"2,864.00",2021-06-01
CER Donors,"2,872.00000",0.00000,"2,872.00",2023-01-01
CER Donors,"2,877.00000",0.00000,"2,877.00",2021-05-01
MNL Donors,"4,240.00000",0.00000,"4,240.00",
MNL Donors,"2,881.00000",0.00000,"2,881.00",2019-08-01
MNL Donors,"2,883.00000",0.00000,"2,883.00",2023-11-01
BN Donors,"2,884.00000",0.00000,"2,884.00",2023-06-01
CC Donors,"2,885.00000",0.00000,"2,885.00",2019-08-01
MNL Donors,"2,886.00000",0.00000,"2,886.00",2020-01-01
MNL Donors,"5,556.00000",0.00000,"5,556.00",
RR Donors,"2,887.00000",0.00000,"2,887.00",2021-09-01
CER Donors,"2,888.00000",0.00000,"2,888.00",2023-08-01
CC Donors,"2,891.00000",0.00000,"2,891.00",2023-12-01
FRM Donors,"2,891.00000",0.00000,"2,891.00",2019-05-01
BN Donors,"2,901.00000",0.00000,"2,901.00",2021-06-01
CER Donors,"2,992.00000",82.00000,"2,910.00",2021-10-01
BN Donors,"2,911.00000",0.00000,"2,911.00",2023-12-01
MNL Donors,"2,912.00000",0.00000,"2,912.00",2021-05-01
CER Donors,"2,914.00000",0.00000,"2,914.00",2021-04-01
CER Donors,"2,919.00000",0.00000,"2,919.00",2022-06-01
RR Donors,"3,035.00000",114.00000,"2,921.00",2021-10-01
CER Donors,"2,923.00000",0.00000,"2,923.00",2019-01-01
MNL Donors,"4,323.00000",0.00000,"4,323.00",
RR Donors,"2,926.00000",0.00000,"2,926.00",2022-09-01
MNL Donors,"4,506.00000",0.00000,"4,506.00",
MNL Donors,"4,884.00000",0.00000,"4,884.00",
MNL Donors,"7,278.00000",0.00000,"7,278.00",
MNL Donors,"5,233.00000",0.00000,"5,233.00",
MNL Donors,"6,526.00000",0.00000,"6,526.00",
MNL Donors,"6,295.00000",0.00000,"6,295.00",
MNL Donors,"5,584.00000",0.00000,"5,584.00",
MNL Donors,"5,432.00000",0.00000,"5,432.00",
MNL Donors,"4,757.00000",0.00000,"4,757.00",
MNL Donors,"4,284.00000",0.00000,"4,284.00",
GLP Donors,"2,937.00000",0.00000,"2,937.00",2023-06-01
MNL Donors,"2,937.00000",0.00000,"2,937.00",2020-05-01
FRM Donors,"2,941.00000",0.00000,"2,941.00",2019-09-01
MNL Donors,"4,958.00000",0.00000,"4,958.00",
MNL Donors,"5,010.00000",0.00000,"5,010.00",
MNL Donors,"6,294.00000",0.00000,"6,294.00",
MNL Donors,"6,484.00000",0.00000,"6,484.00",
MNL Donors,"6,820.00000",0.00000,"6,820.00",
MNL Donors,"4,851.00000",0.00000,"4,851.00",
MNL Donors,"2,954.00000",0.00000,"2,954.00",2024-01-01
BN Donors,"2,957.00000",0.00000,"2,957.00",2022-08-01
SM Donors,"2,959.00000",0.00000,"2,959.00",2024-02-01
FRM Donors,"2,959.00000",0.00000,"2,959.00",2019-11-01
BN Donors,"2,959.00000",0.00000,"2,959.00",2020-07-01
CER Donors,"2,967.00000",0.00000,"2,967.00",2019-03-01
MNL Donors,"2,970.00000",0.00000,"2,970.00",2020-09-01
FRM Donors,"2,973.00000",0.00000,"2,973.00",2019-04-01
SM Donors,"2,975.00000",0.00000,"2,975.00",2020-03-01
CC Donors,"2,976.00000",0.00000,"2,976.00",2019-04-01
CER Donors,"2,979.00000",0.00000,"2,979.00",2020-12-01
FRM Donors,"2,981.00000",0.00000,"2,981.00",2019-01-01
RR Donors,"2,985.00000",0.00000,"2,985.00",2019-11-01
CER Donors,"2,989.00000",0.00000,"2,989.00",2019-07-01
CER Donors,"2,994.00000",0.00000,"2,994.00",2019-10-01
BN Donors,"2,997.00000",0.00000,"2,997.00",2020-09-01
CC Donors,"2,998.00000",0.00000,"2,998.00",2020-01-01
ALA Donors,"3,007.00000",0.00000,"3,007.00",2023-05-01
FRM Donors,"3,016.00000",0.00000,"3,016.00",2019-10-01
CER Donors,"3,017.00000",0.00000,"3,017.00",2022-11-01
CER Donors,"3,019.00000",0.00000,"3,019.00",2022-03-01
RR Donors,"3,021.00000",0.00000,"3,021.00",2022-08-01
RR Donors,"3,023.00000",0.00000,"3,023.00",2021-11-01
BN Donors,"3,034.00000",0.00000,"3,034.00",2024-01-01
FRM Donors,"3,038.00000",0.00000,"3,038.00",2022-02-01
BN Donors,"3,047.00000",0.00000,"3,047.00",2022-01-01
MNL Donors,"3,049.00000",0.00000,"3,049.00",2019-12-01
MNL Donors,"3,050.00000",0.00000,"3,050.00",2021-06-01
MNL Donors,"3,054.00000",0.00000,"3,054.00",2023-12-01
RR Donors,"3,055.00000",0.00000,"3,055.00",2019-01-01
CER Donors,"3,056.00000",0.00000,"3,056.00",2022-09-01
CER Donors,"3,061.00000",0.00000,"3,061.00",2021-01-01
MNL Donors,"3,062.00000",0.00000,"3,062.00",2019-06-01
CER Donors,"3,082.00000",0.00000,"3,082.00",2022-10-01
CER Donors,"3,092.00000",0.00000,"3,092.00",2019-06-01
RR Donors,"3,098.00000",0.00000,"3,098.00",2022-03-01
BN Donors,431.00000,0.00000,431.00,
BN Donors,541.00000,0.00000,541.00,
BN Donors,"3,111.00000",0.00000,"3,111.00",2023-08-01
FRM Donors,"3,114.00000",0.00000,"3,114.00",2023-02-01
CC Donors,"3,116.00000",0.00000,"3,116.00",2019-06-01
BN Donors,"4,845.00000",0.00000,"4,845.00",
CER Donors,"3,123.00000",0.00000,"3,123.00",2022-08-01
BN Donors,"3,127.00000",0.00000,"3,127.00",2020-10-01
FRM Donors,"3,129.00000",0.00000,"3,129.00",2019-12-01
RR Donors,"3,131.00000",0.00000,"3,131.00",2021-12-01
CER Donors,"3,132.00000",0.00000,"3,132.00",2023-03-01
PDN Donors,"3,134.00000",0.00000,"3,134.00",2019-02-01
RR Donors,"3,135.00000",0.00000,"3,135.00",2024-05-01
RR Donors,"3,135.00000",0.00000,"3,135.00",2023-08-01
BN Donors,"3,153.00000",0.00000,"3,153.00",2021-04-01
FRM Donors,"3,155.00000",0.00000,"3,155.00",2019-07-01
RR Donors,"3,168.00000",0.00000,"3,168.00",2023-11-01
PDN Donors,"3,266.00000",94.00000,"3,172.00",2021-10-01
RR Donors,"3,175.00000",0.00000,"3,175.00",2023-10-01
RR Donors,"3,176.00000",0.00000,"3,176.00",2020-02-01
RR Donors,"3,176.00000",0.00000,"3,176.00",2022-06-01
CC Donors,"3,181.00000",0.00000,"3,181.00",2019-12-01
CC Donors,"3,182.00000",0.00000,"3,182.00",2019-01-01
FRM Donors,"3,182.00000",0.00000,"3,182.00",2019-03-01
RR Donors,"3,189.00000",0.00000,"3,189.00",2022-05-01
MNL Donors,"3,191.00000",0.00000,"3,191.00",2019-10-01
CC Donors,"3,197.00000",0.00000,"3,197.00",2022-02-01
BN Donors,"3,201.00000",0.00000,"3,201.00",2023-07-01
SM Donors,"3,211.00000",0.00000,"3,211.00",2019-02-01
FRM Donors,"3,211.00000",0.00000,"3,211.00",2021-12-01
CC Donors,"3,212.00000",0.00000,"3,212.00",2020-12-01
FRM Donors,"3,215.00000",0.00000,"3,215.00",2020-09-01
CER Donors,"3,217.00000",0.00000,"3,217.00",2019-08-01
FRM Donors,"3,235.00000",0.00000,"3,235.00",2020-01-01
PDN Donors,"3,235.00000",0.00000,"3,235.00",2022-02-01
RR Donors,"3,242.00000",0.00000,"3,242.00",2023-12-01
CC Donors,"3,259.00000",0.00000,"3,259.00",2022-04-01
CER Donors,"3,263.00000",0.00000,"3,263.00",2021-07-01
RR Donors,"3,265.00000",0.00000,"3,265.00",2023-04-01
Donors - GoodDeeds,294.00000,0.00000,294.00,
CER Donors,"3,269.00000",0.00000,"3,269.00",2022-07-01
Donors - GoodDeeds,716.00000,0.00000,716.00,
FRM Donors,"3,270.00000",0.00000,"3,270.00",2020-06-01
CC Donors,"3,272.00000",0.00000,"3,272.00",2021-02-01
Donors - GoodDeeds,225.00000,0.00000,225.00,
Donors - GoodDeeds,313.00000,0.00000,313.00,
Donors - GoodDeeds,32.00000,0.00000,32.00,
Donors - GoodDeeds,13.00000,0.00000,13.00,
BN Donors,"3,274.00000",0.00000,"3,274.00",2022-07-01
CER Donors,"3,277.00000",0.00000,"3,277.00",2020-10-01
RR Donors,"3,278.00000",0.00000,"3,278.00",2020-10-01
RR Donors,"3,279.00000",0.00000,"3,279.00",2023-01-01
PDN Donors,"3,283.00000",0.00000,"3,283.00",2023-02-01
CC Donors,"3,319.00000",0.00000,"3,319.00",2023-02-01
PDN Donors,"3,326.00000",0.00000,"3,326.00",2020-05-01
SM Donors,"3,332.00000",0.00000,"3,332.00",2024-03-01
RR Donors,"3,333.00000",0.00000,"3,333.00",2019-05-01
BN Donors,"3,347.00000",0.00000,"3,347.00",2020-08-01
FRM Donors,"3,468.00000",117.00000,"3,351.00",2021-10-01
CER Donors,"3,355.00000",0.00000,"3,355.00",2024-05-01
RR Donors,"3,356.00000",0.00000,"3,356.00",2021-04-01
RR Donors,"3,360.00000",0.00000,"3,360.00",2021-03-01
RR Donors,"3,362.00000",0.00000,"3,362.00",2022-01-01
PDN Donors,"3,365.00000",0.00000,"3,365.00",2022-01-01
RR Donors,"3,376.00000",0.00000,"3,376.00",2024-03-01
CER Donors,"3,379.00000",0.00000,"3,379.00",2019-04-01
SM Donors,"3,381.00000",0.00000,"3,381.00",2020-02-01
CC Donors,"3,394.00000",0.00000,"3,394.00",2020-07-01
CER Donors,"3,404.00000",0.00000,"3,404.00",2023-04-01
CC Donors,"3,408.00000",0.00000,"3,408.00",2021-03-01
CER Donors,"3,411.00000",0.00000,"3,411.00",2023-06-01
CC Donors,"3,413.00000",0.00000,"3,413.00",2024-04-01
RR Donors,"3,420.00000",0.00000,"3,420.00",2024-01-01
MNL Donors,"3,425.00000",0.00000,"3,425.00",2021-12-01
RR Donors,"3,429.00000",0.00000,"3,429.00",2022-07-01
CER Donors,"3,447.00000",0.00000,"3,447.00",2023-05-01
CER Donors,"3,459.00000",0.00000,"3,459.00",2023-07-01
FRM Donors,"3,465.00000",0.00000,"3,465.00",2020-08-01
PDN Donors,"3,465.00000",0.00000,"3,465.00",2019-04-01
BN Donors,"3,468.00000",0.00000,"3,468.00",2020-06-01
FRM Donors,"3,470.00000",0.00000,"3,470.00",2019-08-01
FRM Donors,"3,496.00000",0.00000,"3,496.00",2021-03-01
SM Donors,"3,498.00000",0.00000,"3,498.00",2023-11-01
CER Donors,"3,522.00000",0.00000,"3,522.00",2019-09-01
FRM Donors,"3,524.00000",0.00000,"3,524.00",2019-06-01
RR Donors,"3,525.00000",0.00000,"3,525.00",2019-09-01
MNL Donors,"3,526.00000",0.00000,"3,526.00",2019-05-01
BN Donors,"3,529.00000",0.00000,"3,529.00",2021-03-01
BN Donors,"3,533.00000",0.00000,"3,533.00",2021-01-01
FRM Donors,"3,540.00000",0.00000,"3,540.00",2021-05-01
MNL Donors,"3,556.00000",0.00000,"3,556.00",2022-02-01
FRM Donors,"3,558.00000",0.00000,"3,558.00",2021-08-01
CC Donors,"3,561.00000",0.00000,"3,561.00",2024-03-01
RR Donors,"3,563.00000",0.00000,"3,563.00",2019-10-01
BN Donors,"3,574.00000",0.00000,"3,574.00",2021-05-01
CER Donors,"3,598.00000",0.00000,"3,598.00",2020-09-01
PDN Donors,"3,608.00000",0.00000,"3,608.00",2021-09-01
SM Donors,"3,627.00000",0.00000,"3,627.00",2023-12-01
FRM Donors,"3,631.00000",0.00000,"3,631.00",2022-04-01
CC Donors,"3,638.00000",0.00000,"3,638.00",2020-05-01
FRM Donors,"3,643.00000",0.00000,"3,643.00",2022-01-01
PDN Donors,"3,644.00000",0.00000,"3,644.00",2021-02-01
MNL Donors,"3,658.00000",0.00000,"3,658.00",2020-08-01
BN Donors,"3,672.00000",0.00000,"3,672.00",2023-05-01
CC Donors,"3,675.00000",0.00000,"3,675.00",2022-12-01
FRM Donors,"3,675.00000",0.00000,"3,675.00",2023-03-01
FRM Donors,"3,677.00000",0.00000,"3,677.00",2021-11-01
Home Pickup and Community Works Donors,87.00000,0.00000,87.00,
Home Pickup and Community Works Donors,92.00000,0.00000,92.00,
Home Pickup and Community Works Donors,122.00000,0.00000,122.00,
Home Pickup and Community Works Donors,124.00000,0.00000,124.00,
Home Pickup and Community Works Donors,144.00000,0.00000,144.00,
Home Pickup and Community Works Donors,140.00000,0.00000,140.00,
Home Pickup and Community Works Donors,110.00000,0.00000,110.00,
Home Pickup and Community Works Donors,104.00000,0.00000,104.00,
Home Pickup and Community Works Donors,113.00000,0.00000,113.00,
Home Pickup and Community Works Donors,114.00000,0.00000,114.00,
Home Pickup and Community Works Donors,87.00000,0.00000,87.00,
Home Pickup and Community Works Donors,100.00000,0.00000,100.00,
Home Pickup and Community Works Donors,142.00000,0.00000,142.00,
Home Pickup and Community Works Donors,85.00000,0.00000,85.00,
Home Pickup and Community Works Donors,113.00000,0.00000,113.00,
Home Pickup and Community Works Donors,187.00000,0.00000,187.00,
Home Pickup and Community Works Donors,103.00000,0.00000,103.00,
Home Pickup and Community Works Donors,92.00000,0.00000,92.00,
Home Pickup and Community Works Donors,143.00000,0.00000,143.00,
Home Pickup and Community Works Donors,142.00000,0.00000,142.00,
Home Pickup and Community Works Donors,57.00000,0.00000,57.00,
Home Pickup and Community Works Donors,106.00000,0.00000,106.00,
Home Pickup and Community Works Donors,121.00000,0.00000,121.00,
Home Pickup and Community Works Donors,101.00000,0.00000,101.00,
Home Pickup and Community Works Donors,133.00000,0.00000,133.00,
Home Pickup and Community Works Donors,13.00000,0.00000,13.00,
Home Pickup and Community Works Donors,77.00000,0.00000,77.00,
Home Pickup and Community Works Donors,67.00000,0.00000,67.00,
Home Pickup and Community Works Donors,86.00000,0.00000,86.00,
Home Pickup and Community Works Donors,86.00000,0.00000,86.00,
Home Pickup and Community Works Donors,95.00000,0.00000,95.00,
Home Pickup and Community Works Donors,41.00000,0.00000,41.00,
Home Pickup and Community Works Donors,79.00000,0.00000,79.00,
Home Pickup and Community Works Donors,78.00000,0.00000,78.00,
Home Pickup and Community Works Donors,73.00000,0.00000,73.00,
Home Pickup and Community Works Donors,59.00000,0.00000,59.00,
Home Pickup and Community Works Donors,116.00000,0.00000,116.00,
Home Pickup and Community Works Donors,98.00000,0.00000,98.00,
Home Pickup and Community Works Donors,70.00000,0.00000,70.00,
Home Pickup and Community Works Donors,70.00000,0.00000,70.00,
Home Pickup and Community Works Donors,70.00000,0.00000,70.00,
Home Pickup and Community Works Donors,80.00000,0.00000,80.00,
Home Pickup and Community Works Donors,67.00000,0.00000,67.00,
Home Pickup and Community Works Donors,66.00000,0.00000,66.00,
Home Pickup and Community Works Donors,75.00000,0.00000,75.00,
Home Pickup and Community Works Donors,70.00000,0.00000,70.00,
Home Pickup and Community Works Donors,77.00000,0.00000,77.00,
Home Pickup and Community Works Donors,63.00000,0.00000,63.00,
Home Pickup and Community Works Donors,59.00000,0.00000,59.00,
FRM Donors,"3,682.00000",0.00000,"3,682.00",2023-04-01
LL Donors,615.00000,0.00000,615.00,
CER Donors,"3,690.00000",0.00000,"3,690.00",2020-02-01
CC Donors,"3,691.00000",0.00000,"3,691.00",2024-05-01
SM Donors,"3,719.00000",0.00000,"3,719.00",2020-05-01
CC Donors,"3,734.00000",0.00000,"3,734.00",2019-05-01
CC Donors,"3,735.00000",0.00000,"3,735.00",2021-09-01
CC Donors,"3,740.00000",0.00000,"3,740.00",2020-09-01
SM Donors,"3,749.00000",0.00000,"3,749.00",2024-04-01
RR Donors,"3,751.00000",0.00000,"3,751.00",2023-05-01
FRM Donors,"3,754.00000",0.00000,"3,754.00",2021-06-01
MNL Donors,"3,754.00000",0.00000,"3,754.00",2023-10-01
CC Donors,"3,755.00000",0.00000,"3,755.00",2024-01-01
LL Donors,638.00000,0.00000,638.00,
LL Donors,530.00000,0.00000,530.00,
MNL Donors,"3,758.00000",0.00000,"3,758.00",2021-09-01
FRM Donors,"3,768.00000",0.00000,"3,768.00",2020-07-01
PDN Donors,"3,780.00000",0.00000,"3,780.00",2022-09-01
PDN Donors,"3,783.00000",0.00000,"3,783.00",2019-03-01
MNL Donors,"3,948.00000",163.00000,"3,785.00",2021-10-01
CC Donors,"3,792.00000",0.00000,"3,792.00",2022-03-01
LL Donors,511.00000,0.00000,511.00,
PDN Donors,"3,799.00000",0.00000,"3,799.00",2024-03-01
SM Donors,"3,801.00000",0.00000,"3,801.00",2020-12-01
PDN Donors,"3,806.00000",0.00000,"3,806.00",2022-08-01
FRM Donors,"3,814.00000",0.00000,"3,814.00",2023-10-01
SM Donors,"3,822.00000",0.00000,"3,822.00",2022-04-01
RR Donors,"3,835.00000",0.00000,"3,835.00",2019-06-01
MNL Donors,"3,839.00000",0.00000,"3,839.00",2021-08-01
SM Donors,"3,852.00000",0.00000,"3,852.00",2022-12-01
PDN Donors,"3,855.00000",0.00000,"3,855.00",2021-12-01
SM Donors,"3,859.00000",0.00000,"3,859.00",2023-09-01
CC Donors,"3,876.00000",0.00000,"3,876.00",2019-03-01
PDN Donors,"3,879.00000",0.00000,"3,879.00",2023-09-01
MNL Donors,"3,880.00000",0.00000,"3,880.00",2023-03-01
CER Donors,"3,884.00000",0.00000,"3,884.00",2020-01-01
FRM Donors,"3,885.00000",0.00000,"3,885.00",2024-02-01
MNL Donors,"3,887.00000",0.00000,"3,887.00",2020-07-01
FRM Donors,"3,894.00000",0.00000,"3,894.00",2022-05-01
CC Donors,"3,901.00000",0.00000,"3,901.00",2020-10-01
FRM Donors,"3,901.00000",0.00000,"3,901.00",2022-11-01
SM Donors,"3,902.00000",0.00000,"3,902.00",2024-01-01
FRM Donors,"3,902.00000",0.00000,"3,902.00",2022-08-01
SM Donors,"3,924.00000",0.00000,"3,924.00",2023-02-01
CER Donors,"3,924.00000",0.00000,"3,924.00",2020-05-01
PDN Donors,"3,938.00000",0.00000,"3,938.00",2020-02-01
PDN Donors,"3,942.00000",0.00000,"3,942.00",2021-04-01
SM Donors,"3,946.00000",0.00000,"3,946.00",2022-11-01
RR Donors,"3,956.00000",0.00000,"3,956.00",2019-08-01
RR Donors,"3,960.00000",0.00000,"3,960.00",2021-01-01
PDN Donors,"3,964.00000",0.00000,"3,964.00",2024-04-01
RR Donors,"3,969.00000",0.00000,"3,969.00",2023-07-01
MNL Donors,"3,973.00000",0.00000,"3,973.00",2023-02-01
CC Donors,"3,980.00000",0.00000,"3,980.00",2021-06-01
MNL Donors,"3,983.00000",0.00000,"3,983.00",2023-01-01
SM Donors,"3,990.00000",0.00000,"3,990.00",2021-02-01
RR Donors,"3,994.00000",0.00000,"3,994.00",2020-09-01
MNL Donors,"3,995.00000",0.00000,"3,995.00",2021-07-01
FRM Donors,"3,996.00000",0.00000,"3,996.00",2021-07-01
Espanola Donors,523.00000,0.00000,523.00,
Espanola Donors,387.00000,0.00000,387.00,
Espanola Donors,555.00000,0.00000,555.00,
Espanola Donors,617.00000,0.00000,617.00,
Espanola Donors,586.00000,0.00000,586.00,
SM Donors,"4,000.00000",0.00000,"4,000.00",2024-05-01
Espanola Donors,586.00000,0.00000,586.00,
Espanola Donors,434.00000,0.00000,434.00,
FRM Donors,"4,018.00000",0.00000,"4,018.00",2023-01-01
Espanola Donors,668.00000,0.00000,668.00,
Espanola Donors,726.00000,0.00000,726.00,
Espanola Donors,692.00000,0.00000,692.00,
PDN Donors,"4,018.00000",0.00000,"4,018.00",2023-10-01
FRM Donors,"4,024.00000",0.00000,"4,024.00",2024-05-01
SM Donors,"4,026.00000",0.00000,"4,026.00",2023-10-01
PDN Donors,"4,032.00000",0.00000,"4,032.00",2021-08-01
Espanola Donors,710.00000,0.00000,710.00,
CC Donors,"4,033.00000",0.00000,"4,033.00",2021-01-01
SM Donors,"4,037.00000",0.00000,"4,037.00",2019-04-01
Espanola Donors,719.00000,0.00000,719.00,
MNL Donors,"4,045.00000",0.00000,"4,045.00",2019-07-01
FRM Donors,"4,051.00000",0.00000,"4,051.00",2023-09-01
FRM Donors,"4,061.00000",0.00000,"4,061.00",2022-10-01
CC Donors,"4,205.00000",136.00000,"4,069.00",2021-10-01
FRM Donors,"4,089.00000",0.00000,"4,089.00",2022-09-01
PDN Donors,"4,091.00000",0.00000,"4,091.00",2021-06-01
PDN Donors,"4,094.00000",0.00000,"4,094.00",2022-03-01
PDN Donors,"4,096.00000",0.00000,"4,096.00",2024-02-01
PDN Donors,"4,099.00000",0.00000,"4,099.00",2023-11-01
PDN Donors,"4,102.00000",0.00000,"4,102.00",2022-10-01
Lomas Donors,4.00000,0.00000,4.00,
SM Donors,"4,106.00000",0.00000,"4,106.00",2023-01-01
CC Donors,"4,108.00000",0.00000,"4,108.00",2020-08-01
FRM Donors,"4,110.00000",0.00000,"4,110.00",2022-12-01
MNL Donors,"4,142.00000",0.00000,"4,142.00",2021-11-01
RR Donors,"4,144.00000",0.00000,"4,144.00",2020-08-01
